OID_,NRI_ID,STATE,STATEABBRV,STATEFIPS,COUNTY,COUNTYTYPE,COUNTYFIPS,STCOFIPS,TRACT,TRACTFIPS,POPULATION,WFIR_RISKV,WFIR_RISKS,WFIR_RISKR
24438,T16001000101,Idaho,ID,16,Ada,County,1,16001,101,001000101,1577,0,0,No Rating
24439,T16001000102,Idaho,ID,16,Ada,County,1,16001,102,001000102,3261,0,0,No Rating
24440,T16001000201,Idaho,ID,16,Ada,County,1,16001,201,001000201,3568,199671.5716,96.01270038,Relatively High
24441,T16001000202,Idaho,ID,16,Ada,County,1,16001,202,001000202,6352,960083.2975,99.05698521,Relatively High
24442,T16001000302,Idaho,ID,16,Ada,County,1,16001,302,001000302,3432,27572.99546,88.6422014,Relatively Moderate
24443,T16001000303,Idaho,ID,16,Ada,County,1,16001,303,001000303,2231,0,0,No Rating
24444,T16001000305,Idaho,ID,16,Ada,County,1,16001,305,001000305,2726,0,0,No Rating
24445,T16001000306,Idaho,ID,16,Ada,County,1,16001,306,001000306,4419,23730.99301,87.91323788,Relatively Moderate
24446,T16001000401,Idaho,ID,16,Ada,County,1,16001,401,001000401,2139,0,0,No Rating
24447,T16001000402,Idaho,ID,16,Ada,County,1,16001,402,001000402,3637,0,0,No Rating
24448,T16001000501,Idaho,ID,16,Ada,County,1,16001,501,001000501,3014,0,0,No Rating
24449,T16001000502,Idaho,ID,16,Ada,County,1,16001,502,001000502,3437,0,0,No Rating
24450,T16001000601,Idaho,ID,16,Ada,County,1,16001,601,001000601,2341,0,0,No Rating
24451,T16001000602,Idaho,ID,16,Ada,County,1,16001,602,001000602,3343,0,0,No Rating
24452,T16001000701,Idaho,ID,16,Ada,County,1,16001,701,001000701,5020,13384.31644,85.22808353,Relatively Moderate
24453,T16001000703,Idaho,ID,16,Ada,County,1,16001,703,001000703,2417,488080.1479,98.08661942,Relatively High
24454,T16001000704,Idaho,ID,16,Ada,County,1,16001,704,001000704,3771,331102.3771,97.28273795,Relatively High
24455,T16001000803,Idaho,ID,16,Ada,County,1,16001,803,001000803,4511,0,0,No Rating
24456,T16001000805,Idaho,ID,16,Ada,County,1,16001,805,001000805,3314,0.011963023,25.13675498,Very Low
24457,T16001000806,Idaho,ID,16,Ada,County,1,16001,806,001000806,2472,0,0,No Rating
24458,T16001000807,Idaho,ID,16,Ada,County,1,16001,807,001000807,2211,0,0,No Rating
24459,T16001000808,Idaho,ID,16,Ada,County,1,16001,808,001000808,1849,0,0,No Rating
24460,T16001000809,Idaho,ID,16,Ada,County,1,16001,809,001000809,2578,0,0,No Rating
24461,T16001000810,Idaho,ID,16,Ada,County,1,16001,810,001000810,3146,0,0,No Rating
24462,T16001000901,Idaho,ID,16,Ada,County,1,16001,901,001000901,2209,0,0,No Rating
24463,T16001000902,Idaho,ID,16,Ada,County,1,16001,902,001000902,4961,0,0,No Rating
24464,T16001001001,Idaho,ID,16,Ada,County,1,16001,1001,001001001,2219,0,0,No Rating
24465,T16001001002,Idaho,ID,16,Ada,County,1,16001,1002,001001002,2337,0,0,No Rating
24466,T16001001003,Idaho,ID,16,Ada,County,1,16001,1003,001001003,2957,0,0,No Rating
24467,T16001001100,Idaho,ID,16,Ada,County,1,16001,1100,001001100,4932,0,0,No Rating
24468,T16001001201,Idaho,ID,16,Ada,County,1,16001,1201,001001201,3463,0,0,No Rating
24469,T16001001203,Idaho,ID,16,Ada,County,1,16001,1203,001001203,3847,0,0,No Rating
24470,T16001001204,Idaho,ID,16,Ada,County,1,16001,1204,001001204,3528,0,0,No Rating
24471,T16001001401,Idaho,ID,16,Ada,County,1,16001,1401,001001401,2701,0,0,No Rating
24472,T16001001402,Idaho,ID,16,Ada,County,1,16001,1402,001001402,2808,0,0,No Rating
24473,T16001001500,Idaho,ID,16,Ada,County,1,16001,1500,001001500,3821,0,0,No Rating
24474,T16001001600,Idaho,ID,16,Ada,County,1,16001,1600,001001600,4642,0,0,No Rating
24475,T16001001701,Idaho,ID,16,Ada,County,1,16001,1701,001001701,2052,0,0,No Rating
24476,T16001001702,Idaho,ID,16,Ada,County,1,16001,1702,001001702,3849,0,0,No Rating
24477,T16001001800,Idaho,ID,16,Ada,County,1,16001,1800,001001800,4794,0,0,No Rating
24478,T16001001900,Idaho,ID,16,Ada,County,1,16001,1900,001001900,5294,0,0,No Rating
24479,T16001002000,Idaho,ID,16,Ada,County,1,16001,2000,001002000,6002,0,0,No Rating
24480,T16001002100,Idaho,ID,16,Ada,County,1,16001,2100,001002100,2070,1462996.941,99.42681825,Very High
24481,T16001002223,Idaho,ID,16,Ada,County,1,16001,2223,001002223,4988,24001.60888,87.95604814,Relatively Moderate
24482,T16001002225,Idaho,ID,16,Ada,County,1,16001,2225,001002225,3670,26091.76434,88.3567997,Relatively Moderate
24483,T16001002226,Idaho,ID,16,Ada,County,1,16001,2226,001002226,2907,0,0,No Rating
24484,T16001002227,Idaho,ID,16,Ada,County,1,16001,2227,001002227,2883,19955.38642,87.12600485,Relatively Moderate
24485,T16001002228,Idaho,ID,16,Ada,County,1,16001,2228,001002228,2949,0,0,No Rating
24486,T16001002229,Idaho,ID,16,Ada,County,1,16001,2229,001002229,3975,0,0,No Rating
24487,T16001002230,Idaho,ID,16,Ada,County,1,16001,2230,001002230,3693,0,0,No Rating
24488,T16001002231,Idaho,ID,16,Ada,County,1,16001,2231,001002231,2694,0,0,No Rating
24489,T16001002313,Idaho,ID,16,Ada,County,1,16001,2313,001002313,4433,0,0,No Rating
24490,T16001002314,Idaho,ID,16,Ada,County,1,16001,2314,001002314,5485,0,0,No Rating
24491,T16001002315,Idaho,ID,16,Ada,County,1,16001,2315,001002315,5560,0,0,No Rating
24492,T16001002316,Idaho,ID,16,Ada,County,1,16001,2316,001002316,2656,0,0,No Rating
24493,T16001002317,Idaho,ID,16,Ada,County,1,16001,2317,001002317,2989,0,0,No Rating
24494,T16001002318,Idaho,ID,16,Ada,County,1,16001,2318,001002318,4787,0,0,No Rating
24495,T16001002319,Idaho,ID,16,Ada,County,1,16001,2319,001002319,4518,0,0,No Rating
24496,T16001002412,Idaho,ID,16,Ada,County,1,16001,2412,001002412,3975,52199.74949,91.33686914,Relatively Moderate
24497,T16001002414,Idaho,ID,16,Ada,County,1,16001,2414,001002414,2758,0,0,No Rating
24498,T16001002415,Idaho,ID,16,Ada,County,1,16001,2415,001002415,2578,0,0,No Rating
24499,T16001002416,Idaho,ID,16,Ada,County,1,16001,2416,001002416,5512,0,0,No Rating
24500,T16001002417,Idaho,ID,16,Ada,County,1,16001,2417,001002417,2832,0,0,No Rating
24501,T16001002418,Idaho,ID,16,Ada,County,1,16001,2418,001002418,3782,0,0,No Rating
24502,T16001002419,Idaho,ID,16,Ada,County,1,16001,2419,001002419,3716,0,0,No Rating
24503,T16001010101,Idaho,ID,16,Ada,County,1,16001,10101,001010101,4198,2858027.905,99.77286781,Very High
24504,T16001010102,Idaho,ID,16,Ada,County,1,16001,10102,001010102,5964,2850573.545,99.76930029,Very High
24505,T16001010224,Idaho,ID,16,Ada,County,1,16001,10224,001010224,4246,46268.45059,90.83860534,Relatively Moderate
24506,T16001010226,Idaho,ID,16,Ada,County,1,16001,10226,001010226,3247,9405.911565,83.60010465,Relatively Low
24507,T16001010227,Idaho,ID,16,Ada,County,1,16001,10227,001010227,3461,66228.36852,92.27274889,Relatively Moderate
24508,T16001010228,Idaho,ID,16,Ada,County,1,16001,10228,001010228,2776,118024.4154,94.3847215,Relatively Moderate
24509,T16001010229,Idaho,ID,16,Ada,County,1,16001,10229,001010229,4919,107697.5739,94.08742805,Relatively Moderate
24510,T16001010230,Idaho,ID,16,Ada,County,1,16001,10230,001010230,4584,912409.6861,99.00109404,Relatively High
24511,T16001010231,Idaho,ID,16,Ada,County,1,16001,10231,001010231,2552,78927.47923,92.99100985,Relatively Moderate
24512,T16001010232,Idaho,ID,16,Ada,County,1,16001,10232,001010232,3611,34918.10993,89.67321505,Relatively Moderate
24513,T16001010233,Idaho,ID,16,Ada,County,1,16001,10233,001010233,2871,95028.30298,93.64743376,Relatively Moderate
24514,T16001010234,Idaho,ID,16,Ada,County,1,16001,10234,001010234,4857,26416.25844,88.43052847,Relatively Moderate
24515,T16001010235,Idaho,ID,16,Ada,County,1,16001,10235,001010235,4738,34779.62633,89.64943157,Relatively Moderate
24516,T16001010236,Idaho,ID,16,Ada,County,1,16001,10236,001010236,3161,27647.50915,88.65884983,Relatively Moderate
24517,T16001010237,Idaho,ID,16,Ada,County,1,16001,10237,001010237,5400,15957.10182,86.06407268,Relatively Moderate
24518,T16001010336,Idaho,ID,16,Ada,County,1,16001,10336,001010336,2152,28557.98906,88.78133473,Relatively Moderate
24519,T16001010337,Idaho,ID,16,Ada,County,1,16001,10337,001010337,5043,52657.81065,91.37611188,Relatively Moderate
24520,T16001010338,Idaho,ID,16,Ada,County,1,16001,10338,001010338,3691,0,0,No Rating
24521,T16001010339,Idaho,ID,16,Ada,County,1,16001,10339,001010339,3962,18955.52625,86.86795415,Relatively Moderate
24522,T16001010340,Idaho,ID,16,Ada,County,1,16001,10340,001010340,3781,29192.53861,88.88360367,Relatively Moderate
24523,T16001010341,Idaho,ID,16,Ada,County,1,16001,10341,001010341,5707,33181.77641,89.44132617,Relatively Moderate
24524,T16001010342,Idaho,ID,16,Ada,County,1,16001,10342,001010342,5572,3506.316774,78.64243923,Relatively Low
24525,T16001010343,Idaho,ID,16,Ada,County,1,16001,10343,001010343,2832,12815.0384,85.00689721,Relatively Low
24526,T16001010344,Idaho,ID,16,Ada,County,1,16001,10344,001010344,3117,0,0,No Rating
24527,T16001010345,Idaho,ID,16,Ada,County,1,16001,10345,001010345,3945,0,0,No Rating
24528,T16001010346,Idaho,ID,16,Ada,County,1,16001,10346,001010346,1628,6116.951877,81.54759073,Relatively Low
24529,T16001010347,Idaho,ID,16,Ada,County,1,16001,10347,001010347,3848,0,0,No Rating
24530,T16001010348,Idaho,ID,16,Ada,County,1,16001,10348,001010348,3672,23849.83922,87.92631879,Relatively Moderate
24531,T16001010349,Idaho,ID,16,Ada,County,1,16001,10349,001010349,3578,2089.407141,74.61114018,Relatively Low
24532,T16001010350,Idaho,ID,16,Ada,County,1,16001,10350,001010350,2785,6972.486166,82.13742092,Relatively Low
24533,T16001010351,Idaho,ID,16,Ada,County,1,16001,10351,001010351,3759,14992.40242,85.76915759,Relatively Moderate
24534,T16001010352,Idaho,ID,16,Ada,County,1,16001,10352,001010352,5698,4688.968,80.24306712,Relatively Low
24535,T16001010353,Idaho,ID,16,Ada,County,1,16001,10353,001010353,4655,0,0,No Rating
24536,T16001010354,Idaho,ID,16,Ada,County,1,16001,10354,001010354,5606,0,0,No Rating
24537,T16001010355,Idaho,ID,16,Ada,County,1,16001,10355,001010355,1961,75625.47366,92.81501213,Relatively Moderate
24538,T16001010356,Idaho,ID,16,Ada,County,1,16001,10356,001010356,4039,18784.30875,86.82395472,Relatively Moderate
24539,T16001010357,Idaho,ID,16,Ada,County,1,16001,10357,001010357,3979,24725.33004,88.11301907,Relatively Moderate
24540,T16001010358,Idaho,ID,16,Ada,County,1,16001,10358,001010358,5588,3754.255563,79.02654236,Relatively Low
24541,T16001010359,Idaho,ID,16,Ada,County,1,16001,10359,001010359,4229,0,0,No Rating
24542,T16001010360,Idaho,ID,16,Ada,County,1,16001,10360,001010360,3773,4505.930805,80.01117823,Relatively Low
24543,T16001010361,Idaho,ID,16,Ada,County,1,16001,10361,001010361,4264,18039.04276,86.62298435,Relatively Moderate
24544,T16001010362,Idaho,ID,16,Ada,County,1,16001,10362,001010362,5324,0,0,No Rating
24545,T16001010363,Idaho,ID,16,Ada,County,1,16001,10363,001010363,5188,0,0,No Rating
24546,T16001010364,Idaho,ID,16,Ada,County,1,16001,10364,001010364,5412,0,0,No Rating
24547,T16001010365,Idaho,ID,16,Ada,County,1,16001,10365,001010365,4231,14364.16707,85.56580888,Relatively Moderate
24548,T16001010366,Idaho,ID,16,Ada,County,1,16001,10366,001010366,3478,0,0,No Rating
24549,T16001010367,Idaho,ID,16,Ada,County,1,16001,10367,001010367,5656,0,0,No Rating
24550,T16001010368,Idaho,ID,16,Ada,County,1,16001,10368,001010368,3194,749.8282016,60.87380488,Relatively Low
24551,T16001010369,Idaho,ID,16,Ada,County,1,16001,10369,001010369,2369,10496.49299,84.1007468,Relatively Low
24552,T16001010370,Idaho,ID,16,Ada,County,1,16001,10370,001010370,2822,0,0,No Rating
24553,T16001010371,Idaho,ID,16,Ada,County,1,16001,10371,001010371,3215,19499.53607,87.01184417,Relatively Moderate
24554,T16001010403,Idaho,ID,16,Ada,County,1,16001,10403,001010403,4190,8260.803027,82.95795082,Relatively Low
24555,T16001010404,Idaho,ID,16,Ada,County,1,16001,10404,001010404,3861,23016.16064,87.78242877,Relatively Moderate
24556,T16001010405,Idaho,ID,16,Ada,County,1,16001,10405,001010405,3264,10347.55102,84.03177472,Relatively Low
24557,T16001010406,Idaho,ID,16,Ada,County,1,16001,10406,001010406,5859,5705.550396,81.20867621,Relatively Low
24558,T16001010407,Idaho,ID,16,Ada,County,1,16001,10407,001010407,6460,34739.3197,89.6482424,Relatively Moderate
24559,T16001010408,Idaho,ID,16,Ada,County,1,16001,10408,001010408,4062,44816.10005,90.7042287,Relatively Moderate
24560,T16001010409,Idaho,ID,16,Ada,County,1,16001,10409,001010409,4610,44966.86846,90.71968796,Relatively Moderate
24561,T16001010410,Idaho,ID,16,Ada,County,1,16001,10410,001010410,6420,55840.89612,91.60562241,Relatively Moderate
24562,T16001010411,Idaho,ID,16,Ada,County,1,16001,10411,001010411,3114,5440.260706,80.96965229,Relatively Low
24563,T16001010501,Idaho,ID,16,Ada,County,1,16001,10501,001010501,7796,1843631.646,99.54454645,Very High
24564,T16001010503,Idaho,ID,16,Ada,County,1,16001,10503,001010503,5421,5344887.958,99.91556866,Very High
24565,T16001010505,Idaho,ID,16,Ada,County,1,16001,10505,001010505,2511,34642.84492,89.63753984,Relatively Moderate
24566,T16001010506,Idaho,ID,16,Ada,County,1,16001,10506,001010506,4307,442926.696,97.90348666,Relatively High
24567,T16003950100,Idaho,ID,16,Adams,County,3,16003,950100,003950100,1824,2735432.604,99.74194929,Very High
24568,T16003950200,Idaho,ID,16,Adams,County,3,16003,950200,003950200,2533,3236344.436,99.8097322,Very High
24569,T16005000200,Idaho,ID,16,Bannock,County,5,16005,200,005000200,3706,1174533.594,99.24725301,Very High
24570,T16005000301,Idaho,ID,16,Bannock,County,5,16005,301,005000301,4274,643.2304295,58.63221234,Relatively Low
24571,T16005000302,Idaho,ID,16,Bannock,County,5,16005,302,005000302,5159,11098.85883,84.35641916,Relatively Low
24572,T16005000400,Idaho,ID,16,Bannock,County,5,16005,400,005000400,6796,6636.219354,81.91385625,Relatively Low
24573,T16005000500,Idaho,ID,16,Bannock,County,5,16005,500,005000500,1956,10571.68328,84.13761119,Relatively Low
24574,T16005000600,Idaho,ID,16,Bannock,County,5,16005,600,005000600,3688,931972.3278,99.03439091,Relatively High
24575,T16005000700,Idaho,ID,16,Bannock,County,5,16005,700,005000700,3729,110790.9675,94.18850782,Relatively Moderate
24576,T16005000800,Idaho,ID,16,Bannock,County,5,16005,800,005000800,3097,51934.11062,91.32022071,Relatively Moderate
24577,T16005000900,Idaho,ID,16,Bannock,County,5,16005,900,005000900,2259,0,0,No Rating
24578,T16005001000,Idaho,ID,16,Bannock,County,5,16005,1000,005001000,3116,7875.02134,82.72606193,Relatively Low
24579,T16005001102,Idaho,ID,16,Bannock,County,5,16005,1102,005001102,3888,113202.187,94.26699329,Relatively Moderate
24580,T16005001103,Idaho,ID,16,Bannock,County,5,16005,1103,005001103,4886,61442.45622,91.99210389,Relatively Moderate
24581,T16005001104,Idaho,ID,16,Bannock,County,5,16005,1104,005001104,3255,142417.1424,95.00903772,Relatively Moderate
24582,T16005001200,Idaho,ID,16,Bannock,County,5,16005,1200,005001200,3362,13101.50677,85.11630119,Relatively Moderate
24583,T16005001300,Idaho,ID,16,Bannock,County,5,16005,1300,005001300,2613,0,0,No Rating
24584,T16005001400,Idaho,ID,16,Bannock,County,5,16005,1400,005001400,4382,0,0,No Rating
24585,T16005001500,Idaho,ID,16,Bannock,County,5,16005,1500,005001500,6226,9532.220674,83.66432003,Relatively Low
24586,T16005001601,Idaho,ID,16,Bannock,County,5,16005,1601,005001601,2607,0,0,No Rating
24587,T16005001602,Idaho,ID,16,Bannock,County,5,16005,1602,005001602,3944,137725.3996,94.91747134,Relatively Moderate
24588,T16005001603,Idaho,ID,16,Bannock,County,5,16005,1603,005001603,2632,162690.538,95.42762688,Relatively High
24589,T16005001700,Idaho,ID,16,Bannock,County,5,16005,1700,005001700,3778,366173.3387,97.52651857,Relatively High
24590,T16005001900,Idaho,ID,16,Bannock,County,5,16005,1900,005001900,5136,1478540.368,99.43752081,Very High
24591,T16005940000,Idaho,ID,16,Bannock,County,5,16005,940000,005940000,2136,105661.6384,94.02559102,Relatively Moderate
24592,T16005981800,Idaho,ID,16,Bannock,County,5,16005,981800,005981800,366,112292.9307,94.22893973,Relatively Moderate
24593,T16007950100,Idaho,ID,16,Bear Lake,County,7,16007,950100,007950100,3645,80775.96006,93.07187366,Relatively Moderate
24594,T16007950200,Idaho,ID,16,Bear Lake,County,7,16007,950200,007950200,2724,209948.8873,96.15540123,Relatively High
24595,T16009940000,Idaho,ID,16,Benewah,County,9,16009,940000,009940000,4841,49809.90241,91.12995291,Relatively Moderate
24596,T16009950100,Idaho,ID,16,Benewah,County,9,16009,950100,009950100,4653,21716.12752,87.53389145,Relatively Moderate
24597,T16011940000,Idaho,ID,16,Bingham,County,11,16011,940000,011940000,2999,140322.2103,94.96979499,Relatively Moderate
24598,T16011950101,Idaho,ID,16,Bingham,County,11,16011,950101,011950101,3920,426.7235689,52.80050421,Relatively Low
24599,T16011950102,Idaho,ID,16,Bingham,County,11,16011,950102,011950102,5506,257.4634405,46.25885934,Very Low
24600,T16011950200,Idaho,ID,16,Bingham,County,11,16011,950200,011950200,3991,58256.568,91.78162013,Relatively Moderate
24601,T16011950300,Idaho,ID,16,Bingham,County,11,16011,950300,011950300,5558,196244.009,95.97226847,Relatively High
24602,T16011950400,Idaho,ID,16,Bingham,County,11,16011,950400,011950400,7258,12439.20527,84.86419636,Relatively Low
24603,T16011950501,Idaho,ID,16,Bingham,County,11,16011,950501,011950501,2723,161.0112153,40.86119964,Very Low
24604,T16011950502,Idaho,ID,16,Bingham,County,11,16011,950502,011950502,5239,13289.81758,85.19240831,Relatively Moderate
24605,T16011950600,Idaho,ID,16,Bingham,County,11,16011,950600,011950600,5681,10667.00695,84.18042144,Relatively Low
24606,T16011950700,Idaho,ID,16,Bingham,County,11,16011,950700,011950700,5050,53944.19418,91.45340817,Relatively Moderate
24607,T16013960101,Idaho,ID,16,Blaine,County,13,16013,960101,013960101,1516,828043.8941,98.89169005,Relatively High
24608,T16013960102,Idaho,ID,16,Blaine,County,13,16013,960102,013960102,3666,984479.6546,99.0843362,Relatively High
24609,T16013960201,Idaho,ID,16,Blaine,County,13,16013,960201,013960201,6226,18077.02301,86.63368691,Relatively Moderate
24610,T16013960202,Idaho,ID,16,Blaine,County,13,16013,960202,013960202,4861,343826.1365,97.37430433,Relatively High
24611,T16013960301,Idaho,ID,16,Blaine,County,13,16013,960301,013960301,2155,38074.75832,90.05018313,Relatively Moderate
24612,T16013960302,Idaho,ID,16,Blaine,County,13,16013,960302,013960302,2449,167374.4822,95.52513913,Relatively High
24613,T16013960501,Idaho,ID,16,Blaine,County,13,16013,960501,013960501,1801,34031.36474,89.56500024,Relatively Moderate
24614,T16013960502,Idaho,ID,16,Blaine,County,13,16013,960502,013960502,1577,124748.9994,94.56309756,Relatively Moderate
24615,T16015950201,Idaho,ID,16,Boise,County,15,16015,950201,015950201,2080,2481624.543,99.69319317,Very High
24616,T16015950202,Idaho,ID,16,Boise,County,15,16015,950202,015950202,2199,1913991.037,99.56119488,Very High
24617,T16015950203,Idaho,ID,16,Boise,County,15,16015,950203,015950203,3303,3631384.062,99.85373163,Very High
24618,T16017950100,Idaho,ID,16,Bonner,County,17,16017,950100,017950100,2554,124721.9013,94.56071921,Relatively Moderate
24619,T16017950201,Idaho,ID,16,Bonner,County,17,16017,950201,017950201,3178,150223.0903,95.16125196,Relatively High
24620,T16017950202,Idaho,ID,16,Bonner,County,17,16017,950202,017950202,2699,71124.82439,92.56409647,Relatively Moderate
24621,T16017950203,Idaho,ID,16,Bonner,County,17,16017,950203,017950203,4367,2239.755848,75.26994244,Relatively Low
24622,T16017950300,Idaho,ID,16,Bonner,County,17,16017,950300,017950300,3727,6.669086399,26.25695667,Very Low
24623,T16017950401,Idaho,ID,16,Bonner,County,17,16017,950401,017950401,1296,16924.36738,86.34115017,Relatively Moderate
24624,T16017950402,Idaho,ID,16,Bonner,County,17,16017,950402,017950402,3964,14191.21618,85.50991771,Relatively Moderate
24625,T16017950403,Idaho,ID,16,Bonner,County,17,16017,950403,017950403,2721,2444.617647,76.06193217,Relatively Low
24626,T16017950500,Idaho,ID,16,Bonner,County,17,16017,950500,017950500,3417,4535.963065,80.04566427,Relatively Low
24627,T16017950600,Idaho,ID,16,Bonner,County,17,16017,950600,017950600,2259,10350.39393,84.0329639,Relatively Low
24628,T16017950701,Idaho,ID,16,Bonner,County,17,16017,950701,017950701,2885,5128.693341,80.68662893,Relatively Low
24629,T16017950702,Idaho,ID,16,Bonner,County,17,16017,950702,017950702,2090,4600.70685,80.12652809,Relatively Low
24630,T16017950801,Idaho,ID,16,Bonner,County,17,16017,950801,017950801,3156,7207.660538,82.30033773,Relatively Low
24631,T16017950802,Idaho,ID,16,Bonner,County,17,16017,950802,017950802,3965,8651.628158,83.18032631,Relatively Low
24632,T16017950901,Idaho,ID,16,Bonner,County,17,16017,950901,017950901,1328,11170.66749,84.38733768,Relatively Low
24633,T16017950902,Idaho,ID,16,Bonner,County,17,16017,950902,017950902,3348,8457.077303,83.05784141,Relatively Low
24634,T16019970100,Idaho,ID,16,Bonneville,County,19,16019,970100,019970100,6734,1645734.9,99.48746611,Very High
24635,T16019970300,Idaho,ID,16,Bonneville,County,19,16019,970300,019970300,6703,585.6779537,57.25752747,Relatively Low
24636,T16019970401,Idaho,ID,16,Bonneville,County,19,16019,970401,019970401,2953,4096.840456,79.51291443,Relatively Low
24637,T16019970402,Idaho,ID,16,Bonneville,County,19,16019,970402,019970402,7323,819.8993678,62.12481568,Relatively Low
24638,T16019970404,Idaho,ID,16,Bonneville,County,19,16019,970404,019970404,5565,0,0,No Rating
24639,T16019970405,Idaho,ID,16,Bonneville,County,19,16019,970405,019970405,8791,0,0,No Rating
24640,T16019970502,Idaho,ID,16,Bonneville,County,19,16019,970502,019970502,5416,0,0,No Rating
24641,T16019970503,Idaho,ID,16,Bonneville,County,19,16019,970503,019970503,6521,1810.730144,73.09732198,Relatively Low
24642,T16019970504,Idaho,ID,16,Bonneville,County,19,16019,970504,019970504,3584,4710.192187,80.26922894,Relatively Low
24643,T16019970505,Idaho,ID,16,Bonneville,County,19,16019,970505,019970505,4765,0,0,No Rating
24644,T16019970601,Idaho,ID,16,Bonneville,County,19,16019,970601,019970601,2765,44.36262886,30.44522666,Very Low
24645,T16019970602,Idaho,ID,16,Bonneville,County,19,16019,970602,019970602,6234,0,0,No Rating
24646,T16019970603,Idaho,ID,16,Bonneville,County,19,16019,970603,019970603,2490,0,0,No Rating
24647,T16019970700,Idaho,ID,16,Bonneville,County,19,16019,970700,019970700,5518,1741.820344,72.66208438,Relatively Low
24648,T16019970800,Idaho,ID,16,Bonneville,County,19,16019,970800,019970800,3944,0,0,No Rating
24649,T16019970900,Idaho,ID,16,Bonneville,County,19,16019,970900,019970900,5049,0,0,No Rating
24650,T16019971000,Idaho,ID,16,Bonneville,County,19,16019,971000,019971000,5050,0,0,No Rating
24651,T16019971100,Idaho,ID,16,Bonneville,County,19,16019,971100,019971100,3700,0,0,No Rating
24652,T16019971200,Idaho,ID,16,Bonneville,County,19,16019,971200,019971200,4536,15.84955526,27.37121248,Very Low
24653,T16019971301,Idaho,ID,16,Bonneville,County,19,16019,971301,019971301,7158,88.19564017,35.00095134,Very Low
24654,T16019971302,Idaho,ID,16,Bonneville,County,19,16019,971302,019971302,5883,0,0,No Rating
24655,T16019971401,Idaho,ID,16,Bonneville,County,19,16019,971401,019971401,4561,1816.573487,73.1282405,Relatively Low
24656,T16019971402,Idaho,ID,16,Bonneville,County,19,16019,971402,019971402,6752,0,0,No Rating
24657,T16019971500,Idaho,ID,16,Bonneville,County,19,16019,971500,019971500,1900,32989.41098,89.41397517,Relatively Moderate
24658,T16021970100,Idaho,ID,16,Boundary,County,21,16021,970100,021970100,6469,255540.8497,96.66555677,Relatively High
24659,T16021970200,Idaho,ID,16,Boundary,County,21,16021,970200,021970200,5581,130144.9537,94.7200685,Relatively Moderate
24660,T16023970100,Idaho,ID,16,Butte,County,23,16023,970100,023970100,2574,67150.50667,92.32982923,Relatively Moderate
24661,T16025970100,Idaho,ID,16,Camas,County,25,16025,970100,025970100,1059,436758.7838,97.87613566,Relatively High
24662,T16027020100,Idaho,ID,16,Canyon,County,27,16027,20100,027020100,1263,0,0,No Rating
24663,T16027020200,Idaho,ID,16,Canyon,County,27,16027,20200,027020200,4694,0,0,No Rating
24664,T16027020300,Idaho,ID,16,Canyon,County,27,16027,20300,027020300,4415,0,0,No Rating
24665,T16027020403,Idaho,ID,16,Canyon,County,27,16027,20403,027020403,4782,0,0,No Rating
24666,T16027020404,Idaho,ID,16,Canyon,County,27,16027,20404,027020404,4761,0,0,No Rating
24667,T16027020405,Idaho,ID,16,Canyon,County,27,16027,20405,027020405,2829,0,0,No Rating
24668,T16027020406,Idaho,ID,16,Canyon,County,27,16027,20406,027020406,3786,21087.07369,87.40546069,Relatively Moderate
24669,T16027020501,Idaho,ID,16,Canyon,County,27,16027,20501,027020501,3774,0,0,No Rating
24670,T16027020503,Idaho,ID,16,Canyon,County,27,16027,20503,027020503,3624,0,0,No Rating
24671,T16027020505,Idaho,ID,16,Canyon,County,27,16027,20505,027020505,3380,0,0,No Rating
24672,T16027020506,Idaho,ID,16,Canyon,County,27,16027,20506,027020506,2747,0,0,No Rating
24673,T16027020601,Idaho,ID,16,Canyon,County,27,16027,20601,027020601,6121,0,0,No Rating
24674,T16027020603,Idaho,ID,16,Canyon,County,27,16027,20603,027020603,5139,0,0,No Rating
24675,T16027020604,Idaho,ID,16,Canyon,County,27,16027,20604,027020604,2443,0,0,No Rating
24676,T16027020700,Idaho,ID,16,Canyon,County,27,16027,20700,027020700,4090,112017.1815,94.21466965,Relatively Moderate
24677,T16027020903,Idaho,ID,16,Canyon,County,27,16027,20903,027020903,4794,32225.73624,89.30338201,Relatively Moderate
24678,T16027020904,Idaho,ID,16,Canyon,County,27,16027,20904,027020904,4936,0,0,No Rating
24679,T16027020905,Idaho,ID,16,Canyon,County,27,16027,20905,027020905,4413,0,0,No Rating
24680,T16027020906,Idaho,ID,16,Canyon,County,27,16027,20906,027020906,6025,21623.252,87.51724302,Relatively Moderate
24681,T16027020907,Idaho,ID,16,Canyon,County,27,16027,20907,027020907,3745,0,0,No Rating
24682,T16027020908,Idaho,ID,16,Canyon,County,27,16027,20908,027020908,4531,0,0,No Rating
24683,T16027020909,Idaho,ID,16,Canyon,County,27,16027,20909,027020909,3516,9572.406971,83.67740094,Relatively Low
24684,T16027020910,Idaho,ID,16,Canyon,County,27,16027,20910,027020910,2476,14151.41383,85.48851258,Relatively Moderate
24685,T16027021003,Idaho,ID,16,Canyon,County,27,16027,21003,027021003,4222,0,0,No Rating
24686,T16027021004,Idaho,ID,16,Canyon,County,27,16027,21004,027021004,6683,13179.4859,85.1567331,Relatively Moderate
24687,T16027021005,Idaho,ID,16,Canyon,County,27,16027,21005,027021005,6434,0,0,No Rating
24688,T16027021006,Idaho,ID,16,Canyon,County,27,16027,21006,027021006,4807,0,0,No Rating
24689,T16027021007,Idaho,ID,16,Canyon,County,27,16027,21007,027021007,3406,0,0,No Rating
24690,T16027021008,Idaho,ID,16,Canyon,County,27,16027,21008,027021008,4236,0,0,No Rating
24691,T16027021101,Idaho,ID,16,Canyon,County,27,16027,21101,027021101,6805,1434.779578,70.1053608,Relatively Low
24692,T16027021102,Idaho,ID,16,Canyon,County,27,16027,21102,027021102,2889,0,0,No Rating
24693,T16027021103,Idaho,ID,16,Canyon,County,27,16027,21103,027021103,3639,0,0,No Rating
24694,T16027021104,Idaho,ID,16,Canyon,County,27,16027,21104,027021104,4413,50237.50252,91.17395234,Relatively Moderate
24695,T16027021105,Idaho,ID,16,Canyon,County,27,16027,21105,027021105,5297,506.0119338,55.19906769,Relatively Low
24696,T16027021201,Idaho,ID,16,Canyon,County,27,16027,21201,027021201,3826,7315.436479,82.36812063,Relatively Low
24697,T16027021202,Idaho,ID,16,Canyon,County,27,16027,21202,027021202,4252,42885.19903,90.52347429,Relatively Moderate
24698,T16027021300,Idaho,ID,16,Canyon,County,27,16027,21300,027021300,2955,0,0,No Rating
24699,T16027021500,Idaho,ID,16,Canyon,County,27,16027,21500,027021500,5174,0,0,No Rating
24700,T16027021600,Idaho,ID,16,Canyon,County,27,16027,21600,027021600,4258,0,0,No Rating
24701,T16027021701,Idaho,ID,16,Canyon,County,27,16027,21701,027021701,4610,0,0,No Rating
24702,T16027021702,Idaho,ID,16,Canyon,County,27,16027,21702,027021702,6989,20087.92035,87.1509775,Relatively Moderate
24703,T16027021801,Idaho,ID,16,Canyon,County,27,16027,21801,027021801,4221,1914.087553,73.68358465,Relatively Low
24704,T16027021802,Idaho,ID,16,Canyon,County,27,16027,21802,027021802,3317,3654.311233,78.87313894,Relatively Low
24705,T16027021901,Idaho,ID,16,Canyon,County,27,16027,21901,027021901,6651,1148.495329,67.02658993,Relatively Low
24706,T16027021904,Idaho,ID,16,Canyon,County,27,16027,21904,027021904,3784,66347.25629,92.28582981,Relatively Moderate
24707,T16027021905,Idaho,ID,16,Canyon,County,27,16027,21905,027021905,4678,24847.2115,88.13323503,Relatively Moderate
24708,T16027021906,Idaho,ID,16,Canyon,County,27,16027,21906,027021906,5214,498074.2731,98.13537554,Relatively High
24709,T16027021907,Idaho,ID,16,Canyon,County,27,16027,21907,027021907,3421,24117.84214,87.97983161,Relatively Moderate
24710,T16027022100,Idaho,ID,16,Canyon,County,27,16027,22100,027022100,5081,26635.86287,88.46501451,Relatively Moderate
24711,T16027022200,Idaho,ID,16,Canyon,County,27,16027,22200,027022200,5479,28463.72569,88.77063216,Relatively Moderate
24712,T16027022301,Idaho,ID,16,Canyon,County,27,16027,22301,027022301,3111,228964.5527,96.37539837,Relatively High
24713,T16027022302,Idaho,ID,16,Canyon,County,27,16027,22302,027022302,1365,8237.18299,82.94249156,Relatively Low
24714,T16027022303,Idaho,ID,16,Canyon,County,27,16027,22303,027022303,2364,121207.963,94.46558531,Relatively Moderate
24715,T16027022400,Idaho,ID,16,Canyon,County,27,16027,22400,027022400,5072,40114.7729,90.26304524,Relatively Moderate
24716,T16029960100,Idaho,ID,16,Caribou,County,29,16029,960100,029960100,4123,259256.3695,96.70242116,Relatively High
24717,T16029960200,Idaho,ID,16,Caribou,County,29,16029,960200,029960200,2903,243708.7671,96.53355848,Relatively High
24718,T16031950100,Idaho,ID,16,Cassia,County,31,16031,950100,031950100,2806,1925505.014,99.56357323,Very High
24719,T16031950200,Idaho,ID,16,Cassia,County,31,16031,950200,031950200,3464,2818.743368,77.22851163,Relatively Low
24720,T16031950300,Idaho,ID,16,Cassia,County,31,16031,950300,031950300,5381,1908.784639,73.66336869,Relatively Low
24721,T16031950400,Idaho,ID,16,Cassia,County,31,16031,950400,031950400,4295,0,0,No Rating
24722,T16031950500,Idaho,ID,16,Cassia,County,31,16031,950500,031950500,6008,9148.965385,83.44075536,Relatively Low
24723,T16031950600,Idaho,ID,16,Cassia,County,31,16031,950600,031950600,2402,627151.4936,98.48856015,Relatively High
24724,T16033950100,Idaho,ID,16,Clark,County,33,16033,950100,033950100,783,128308.9826,94.66893402,Relatively Moderate
24725,T16035940001,Idaho,ID,16,Clearwater,County,35,16035,940001,035940001,1950,494419.9896,98.11278124,Relatively High
24726,T16035940002,Idaho,ID,16,Clearwater,County,35,16035,940002,035940002,3827,991110.6602,99.0890929,Relatively High
24727,T16035970100,Idaho,ID,16,Clearwater,County,35,16035,970100,035970100,2951,1029416.578,99.13190315,Relatively High
24728,T16037960200,Idaho,ID,16,Custer,County,37,16037,960200,037960200,4271,720115.3269,98.73234077,Relatively High
24729,T16039960100,Idaho,ID,16,Elmore,County,39,16039,960100,039960100,2767,2437309.595,99.68130143,Very High
24730,T16039960201,Idaho,ID,16,Elmore,County,39,16039,960201,039960201,4955,5374002.082,99.91794701,Very High
24731,T16039960202,Idaho,ID,16,Elmore,County,39,16039,960202,039960202,4398,164995.7652,95.48232888,Relatively High
24732,T16039960300,Idaho,ID,16,Elmore,County,39,16039,960300,039960300,4278,305943.9102,97.09247015,Relatively High
24733,T16039960401,Idaho,ID,16,Elmore,County,39,16039,960401,039960401,5471,5943352.795,99.9274604,Very High
24734,T16039960402,Idaho,ID,16,Elmore,County,39,16039,960402,039960402,3490,0,0,No Rating
24735,T16039960500,Idaho,ID,16,Elmore,County,39,16039,960500,039960500,3171,310687.5004,97.14360462,Relatively High
24736,T16041970100,Idaho,ID,16,Franklin,County,41,16041,970100,041970100,6736,311035.4506,97.14717214,Relatively High
24737,T16041970200,Idaho,ID,16,Franklin,County,41,16041,970200,041970200,7441,165008.2,95.48351805,Relatively High
24738,T16043970100,Idaho,ID,16,Fremont,County,43,16043,970100,043970100,1513,441882.3974,97.90229748,Relatively High
24739,T16043970200,Idaho,ID,16,Fremont,County,43,16043,970200,043970200,3551,87977.07801,93.36559958,Relatively Moderate
24740,T16043970301,Idaho,ID,16,Fremont,County,43,16043,970301,043970301,4813,34881.33671,89.66370166,Relatively Moderate
24741,T16043970302,Idaho,ID,16,Fremont,County,43,16043,970302,043970302,3464,56867.48837,91.67102697,Relatively Moderate
24742,T16045960100,Idaho,ID,16,Gem,County,45,16045,960100,045960100,4780,1868274.021,99.55168149,Very High
24743,T16045960200,Idaho,ID,16,Gem,County,45,16045,960200,045960200,6471,2088957.41,99.60400514,Very High
24744,T16045960301,Idaho,ID,16,Gem,County,45,16045,960301,045960301,4352,436425.2088,97.87375731,Relatively High
24745,T16045960302,Idaho,ID,16,Gem,County,45,16045,960302,045960302,3495,440820.1141,97.89278409,Relatively High
24746,T16047960101,Idaho,ID,16,Gooding,County,47,16047,960101,047960101,3938,6424.525176,81.77947962,Relatively Low
24747,T16047960102,Idaho,ID,16,Gooding,County,47,16047,960102,047960102,3652,1490733.643,99.44465585,Very High
24748,T16047960201,Idaho,ID,16,Gooding,County,47,16047,960201,047960201,4886,459315.3552,97.97126956,Relatively High
24749,T16047960202,Idaho,ID,16,Gooding,County,47,16047,960202,047960202,3108,1340369.581,99.35903534,Very High
24750,T16049940000,Idaho,ID,16,Idaho,County,49,16049,940000,049940000,4263,2755815.703,99.74670599,Very High
24751,T16049960100,Idaho,ID,16,Idaho,County,49,16049,960100,049960100,2096,8697939.27,99.96075727,Very High
24752,T16049960201,Idaho,ID,16,Idaho,County,49,16049,960201,049960201,1794,1221376.504,99.27579318,Very High
24753,T16049960202,Idaho,ID,16,Idaho,County,49,16049,960202,049960202,4712,2677235.743,99.73124673,Very High
24754,T16049960300,Idaho,ID,16,Idaho,County,49,16049,960300,049960300,2186,700599.6764,98.68358465,Relatively High
24755,T16049960400,Idaho,ID,16,Idaho,County,49,16049,960400,049960400,1389,2453863.61,99.68367978,Very High
24756,T16051960100,Idaho,ID,16,Jefferson,County,51,16051,960100,051960100,3950,41020.32351,90.36293583,Relatively Moderate
24757,T16051960200,Idaho,ID,16,Jefferson,County,51,16051,960200,051960200,4203,2896.422458,77.43542786,Relatively Low
24758,T16051960301,Idaho,ID,16,Jefferson,County,51,16051,960301,051960301,3304,349.1079708,50.20929458,Very Low
24759,T16051960302,Idaho,ID,16,Jefferson,County,51,16051,960302,051960302,5996,2866.444508,77.3569424,Relatively Low
24760,T16051960401,Idaho,ID,16,Jefferson,County,51,16051,960401,051960401,6394,7481.025259,82.46563288,Relatively Low
24761,T16051960402,Idaho,ID,16,Jefferson,County,51,16051,960402,051960402,6978,12154.62959,84.78214337,Relatively Low
24762,T16053970100,Idaho,ID,16,Jerome,County,53,16053,970100,053970100,3255,153202.8303,95.22665652,Relatively High
24763,T16053970200,Idaho,ID,16,Jerome,County,53,16053,970200,053970200,4242,20531.84866,87.26038149,Relatively Moderate
24764,T16053970300,Idaho,ID,16,Jerome,County,53,16053,970300,053970300,5895,3329.23729,78.33206488,Relatively Low
24765,T16053970400,Idaho,ID,16,Jerome,County,53,16053,970400,053970400,3467,66.00550892,32.83308757,Very Low
24766,T16053970501,Idaho,ID,16,Jerome,County,53,16053,970501,053970501,4862,318458.975,97.19592827,Relatively High
24767,T16053970502,Idaho,ID,16,Jerome,County,53,16053,970502,053970502,2487,381985.8685,97.60738239,Relatively High
24768,T16055000101,Idaho,ID,16,Kootenai,County,55,16055,101,055000101,3051,2030.011939,74.33287352,Relatively Low
24769,T16055000102,Idaho,ID,16,Kootenai,County,55,16055,102,055000102,4722,6558.879498,81.86747848,Relatively Low
24770,T16055000201,Idaho,ID,16,Kootenai,County,55,16055,201,055000201,3561,5757.214024,81.25743234,Relatively Low
24771,T16055000202,Idaho,ID,16,Kootenai,County,55,16055,202,055000202,3514,4991.601812,80.55700899,Relatively Low
24772,T16055000203,Idaho,ID,16,Kootenai,County,55,16055,203,055000203,3484,7646.755451,82.58811778,Relatively Low
24773,T16055000301,Idaho,ID,16,Kootenai,County,55,16055,301,055000301,7263,4289.353447,79.74004662,Relatively Low
24774,T16055000303,Idaho,ID,16,Kootenai,County,55,16055,303,055000303,5688,6.719543125,26.26409171,Very Low
24775,T16055000304,Idaho,ID,16,Kootenai,County,55,16055,304,055000304,3205,2977.965065,77.63639823,Relatively Low
24776,T16055000401,Idaho,ID,16,Kootenai,County,55,16055,401,055000401,7020,5548.072744,81.07073206,Relatively Low
24777,T16055000402,Idaho,ID,16,Kootenai,County,55,16055,402,055000402,9289,177.1842054,41.95880702,Very Low
24778,T16055000501,Idaho,ID,16,Kootenai,County,55,16055,501,055000501,6254,437.1304583,53.10136517,Relatively Low
24779,T16055000502,Idaho,ID,16,Kootenai,County,55,16055,502,055000502,6296,758.8087268,61.04623508,Relatively Low
24780,T16055000503,Idaho,ID,16,Kootenai,County,55,16055,503,055000503,4384,128.4600395,38.52804072,Very Low
24781,T16055000601,Idaho,ID,16,Kootenai,County,55,16055,601,055000601,4751,268.0173357,46.77971745,Very Low
24782,T16055000602,Idaho,ID,16,Kootenai,County,55,16055,602,055000602,6444,78.56233217,34.0555582,Very Low
24783,T16055000701,Idaho,ID,16,Kootenai,County,55,16055,701,055000701,4966,358.6211813,50.53750654,Relatively Low
24784,T16055000702,Idaho,ID,16,Kootenai,County,55,16055,702,055000702,4850,247.4538013,45.75940636,Very Low
24785,T16055000703,Idaho,ID,16,Kootenai,County,55,16055,703,055000703,7964,172.5026708,41.61870332,Very Low
24786,T16055000704,Idaho,ID,16,Kootenai,County,55,16055,704,055000704,5688,217.2217116,44.27769586,Very Low
24787,T16055000800,Idaho,ID,16,Kootenai,County,55,16055,800,055000800,5897,296.1597199,48.03072825,Very Low
24788,T16055000901,Idaho,ID,16,Kootenai,County,55,16055,901,055000901,3448,252.556511,45.99010607,Very Low
24789,T16055000902,Idaho,ID,16,Kootenai,County,55,16055,902,055000902,3099,223.8954207,44.62374542,Very Low
24790,T16055001002,Idaho,ID,16,Kootenai,County,55,16055,1002,055001002,4890,1360.624503,69.37758645,Relatively Low
24791,T16055001003,Idaho,ID,16,Kootenai,County,55,16055,1003,055001003,2322,236.1841595,45.223089,Very Low
24792,T16055001004,Idaho,ID,16,Kootenai,County,55,16055,1004,055001004,4154,137.7496576,39.21181563,Very Low
24793,T16055001100,Idaho,ID,16,Kootenai,County,55,16055,1100,055001100,2204,250.3494181,45.88426961,Very Low
24794,T16055001201,Idaho,ID,16,Kootenai,County,55,16055,1201,055001201,3322,57.3365087,31.8936403,Very Low
24795,T16055001202,Idaho,ID,16,Kootenai,County,55,16055,1202,055001202,3236,39.77236257,29.91247681,Very Low
24796,T16055001300,Idaho,ID,16,Kootenai,County,55,16055,1300,055001300,4173,0,0,No Rating
24797,T16055001400,Idaho,ID,16,Kootenai,County,55,16055,1400,055001400,2681,50.30801098,31.13375826,Very Low
24798,T16055001500,Idaho,ID,16,Kootenai,County,55,16055,1500,055001500,3294,0,0,No Rating
24799,T16055001600,Idaho,ID,16,Kootenai,County,55,16055,1600,055001600,2778,0,0,No Rating
24800,T16055001700,Idaho,ID,16,Kootenai,County,55,16055,1700,055001700,4753,4569.137583,80.0944204,Relatively Low
24801,T16055001801,Idaho,ID,16,Kootenai,County,55,16055,1801,055001801,3085,2397.542717,75.88355611,Relatively Low
24802,T16055001802,Idaho,ID,16,Kootenai,County,55,16055,1802,055001802,6024,738.8121844,60.67759121,Relatively Low
24803,T16055001901,Idaho,ID,16,Kootenai,County,55,16055,1901,055001901,1729,3013.157007,77.72201874,Relatively Low
24804,T16055001902,Idaho,ID,16,Kootenai,County,55,16055,1902,055001902,1164,1385.867749,69.65585311,Relatively Low
24805,T16055002000,Idaho,ID,16,Kootenai,County,55,16055,2000,055002000,3897,5344.595585,80.87927508,Relatively Low
24806,T16055940000,Idaho,ID,16,Kootenai,County,55,16055,940000,055940000,2707,4812.807724,80.38457879,Relatively Low
24807,T16057005101,Idaho,ID,16,Latah,County,57,16057,5101,057005101,3009,708.223861,60.03068068,Relatively Low
24808,T16057005102,Idaho,ID,16,Latah,County,57,16057,5102,057005102,4889,5274.018295,80.81862722,Relatively Low
24809,T16057005200,Idaho,ID,16,Latah,County,57,16057,5200,057005200,6582,14026.45667,85.45283737,Relatively Moderate
24810,T16057005301,Idaho,ID,16,Latah,County,57,16057,5301,057005301,2580,3186.449711,78.05736574,Relatively Low
24811,T16057005302,Idaho,ID,16,Latah,County,57,16057,5302,057005302,5547,637.6300356,58.4978357,Relatively Low
24812,T16057005400,Idaho,ID,16,Latah,County,57,16057,5400,057005400,5989,8582.30678,83.14227275,Relatively Low
24813,T16057005500,Idaho,ID,16,Latah,County,57,16057,5500,057005500,4038,147364.7123,95.10654997,Relatively High
24814,T16057005600,Idaho,ID,16,Latah,County,57,16057,5600,057005600,3785,390686.9621,97.65494934,Relatively High
24815,T16057005700,Idaho,ID,16,Latah,County,57,16057,5700,057005700,3094,125267.5667,94.58450269,Relatively Moderate
24816,T16059970100,Idaho,ID,16,Lemhi,County,59,16059,970100,059970100,2502,901035.9846,98.98563478,Relatively High
24817,T16059970200,Idaho,ID,16,Lemhi,County,59,16059,970200,059970200,2997,1413821.73,99.40303477,Very High
24818,T16059970300,Idaho,ID,16,Lemhi,County,59,16059,970300,059970300,2452,701973.8032,98.68953051,Relatively High
24819,T16061940001,Idaho,ID,16,Lewis,County,61,16061,940001,061940001,1539,462770.4695,97.98910717,Relatively High
24820,T16061940002,Idaho,ID,16,Lewis,County,61,16061,940002,061940002,1949,93404.48075,93.5867859,Relatively Moderate
24821,T16061950300,Idaho,ID,16,Lewis,County,61,16061,950300,061950300,42,47301.19726,90.93968511,Relatively Moderate
24822,T16063950100,Idaho,ID,16,Lincoln,County,63,16063,950100,063950100,5117,2138085.715,99.62065357,Very High
24823,T16065950101,Idaho,ID,16,Madison,County,65,16065,950101,065950101,2771,38255.41549,90.0608857,Relatively Moderate
24824,T16065950102,Idaho,ID,16,Madison,County,65,16065,950102,065950102,2839,41.47681873,30.11820387,Very Low
24825,T16065950103,Idaho,ID,16,Madison,County,65,16065,950103,065950103,2065,233.2224582,45.0780098,Very Low
24826,T16065950200,Idaho,ID,16,Madison,County,65,16065,950200,065950200,4761,632.6171632,58.38724254,Relatively Low
24827,T16065950301,Idaho,ID,16,Madison,County,65,16065,950301,065950301,7781,58.05200582,31.95785568,Very Low
24828,T16065950303,Idaho,ID,16,Madison,County,65,16065,950303,065950303,12294,30.28279388,28.96351615,Very Low
24829,T16065950304,Idaho,ID,16,Madison,County,65,16065,950304,065950304,7208,201.3046995,43.38819388,Very Low
24830,T16065950401,Idaho,ID,16,Madison,County,65,16065,950401,065950401,4298,2.01373E-05,24.87632593,Very Low
24831,T16065950402,Idaho,ID,16,Madison,County,65,16065,950402,065950402,2730,23069.40037,87.79669885,Relatively Moderate
24832,T16065950501,Idaho,ID,16,Madison,County,65,16065,950501,065950501,2560,2324.711517,75.60647862,Relatively Low
24833,T16065950502,Idaho,ID,16,Madison,County,65,16065,950502,065950502,3593,588.5412945,57.33958046,Relatively Low
24834,T16067970100,Idaho,ID,16,Minidoka,County,67,16067,970100,067970100,3358,24435.69521,88.05593873,Relatively Moderate
24835,T16067970200,Idaho,ID,16,Minidoka,County,67,16067,970200,067970200,6202,2347.554785,75.70042335,Relatively Low
24836,T16067970300,Idaho,ID,16,Minidoka,County,67,16067,970300,067970300,3006,33555.65551,89.50554155,Relatively Moderate
24837,T16067970400,Idaho,ID,16,Minidoka,County,67,16067,970400,067970400,4730,0,0,No Rating
24838,T16067970500,Idaho,ID,16,Minidoka,County,67,16067,970500,067970500,4281,274.5584012,47.06392998,Very Low
24839,T16069940000,Idaho,ID,16,Nez Perce,County,69,16069,940000,069940000,4833,483757.6631,98.07472768,Relatively High
24840,T16069960200,Idaho,ID,16,Nez Perce,County,69,16069,960200,069960200,371,5932.661588,81.39894401,Relatively Low
24841,T16069960300,Idaho,ID,16,Nez Perce,County,69,16069,960300,069960300,5200,83472.96097,93.19079104,Relatively Moderate
24842,T16069960400,Idaho,ID,16,Nez Perce,County,69,16069,960400,069960400,3315,115.0136726,37.43043333,Very Low
24843,T16069960500,Idaho,ID,16,Nez Perce,County,69,16069,960500,069960500,4435,24236.69908,88.00718261,Relatively Moderate
24844,T16069960600,Idaho,ID,16,Nez Perce,County,69,16069,960600,069960600,5149,1368.266241,69.47747705,Relatively Low
24845,T16069960700,Idaho,ID,16,Nez Perce,County,69,16069,960700,069960700,5776,524110.1381,98.22099605,Relatively High
24846,T16069960800,Idaho,ID,16,Nez Perce,County,69,16069,960800,069960800,3909,62084.68378,92.03372497,Relatively Moderate
24847,T16069960900,Idaho,ID,16,Nez Perce,County,69,16069,960900,069960900,3257,20606.88349,87.26989488,Relatively Moderate
24848,T16069961000,Idaho,ID,16,Nez Perce,County,69,16069,961000,069961000,5817,17042.73828,86.36612282,Relatively Moderate
24849,T16071960100,Idaho,ID,16,Oneida,County,71,16071,960100,071960100,4563,537158.3102,98.25904961,Relatively High
24850,T16073950101,Idaho,ID,16,Owyhee,County,73,16073,950101,073950101,4718,81029.10202,93.08614375,Relatively Moderate
24851,T16073950102,Idaho,ID,16,Owyhee,County,73,16073,950102,073950102,3393,214331.8854,96.21248157,Relatively High
24852,T16073950200,Idaho,ID,16,Owyhee,County,73,16073,950200,073950200,3758,3247349.66,99.81329972,Very High
24853,T16075960100,Idaho,ID,16,Payette,County,75,16075,960100,075960100,7005,412401.0909,97.76316415,Relatively High
24854,T16075960200,Idaho,ID,16,Payette,County,75,16075,960200,075960200,3553,17143.33979,86.40536555,Relatively Moderate
24855,T16075960301,Idaho,ID,16,Payette,County,75,16075,960301,075960301,1679,146838.5676,95.09346906,Relatively High
24856,T16075960302,Idaho,ID,16,Payette,County,75,16075,960302,075960302,7717,14657.70174,85.67045617,Relatively Moderate
24857,T16075960400,Idaho,ID,16,Payette,County,75,16075,960400,075960400,5409,629940.8278,98.49688436,Relatively High
24858,T16077960100,Idaho,ID,16,Power,County,77,16077,960100,077960100,1623,1277954.817,99.31146839,Very High
24859,T16077960200,Idaho,ID,16,Power,County,77,16077,960200,077960200,6253,232071.5662,96.41226276,Relatively High
24860,T16079960200,Idaho,ID,16,Shoshone,County,79,16079,960200,079960200,4310,9107.493293,83.41935024,Relatively Low
24861,T16079960300,Idaho,ID,16,Shoshone,County,79,16079,960300,079960300,4015,6406.474249,81.76283118,Relatively Low
24862,T16079960400,Idaho,ID,16,Shoshone,County,79,16079,960400,079960400,4829,40136.37605,90.26661276,Relatively Moderate
24863,T16081960101,Idaho,ID,16,Teton,County,81,16081,960101,081960101,1290,145039.0713,95.06730723,Relatively Moderate
24864,T16081960102,Idaho,ID,16,Teton,County,81,16081,960102,081960102,659,72768.39659,92.66517624,Relatively Moderate
24865,T16081960103,Idaho,ID,16,Teton,County,81,16081,960103,081960103,1918,313957.6923,97.16500975,Relatively High
24866,T16081960104,Idaho,ID,16,Teton,County,81,16081,960104,081960104,2012,258883.0575,96.69885364,Relatively High
24867,T16081960105,Idaho,ID,16,Teton,County,81,16081,960105,081960105,2976,538104.1429,98.26261713,Relatively High
24868,T16081960106,Idaho,ID,16,Teton,County,81,16081,960106,081960106,1145,22585.21665,87.7087,Relatively Moderate
24869,T16081960107,Idaho,ID,16,Teton,County,81,16081,960107,081960107,1613,248349.8407,96.58588213,Relatively High
24870,T16083000200,Idaho,ID,16,Twin Falls,County,83,16083,200,083000200,7519,0,0,No Rating
24871,T16083000300,Idaho,ID,16,Twin Falls,County,83,16083,300,083000300,5906,620133.7446,98.47547924,Relatively High
24872,T16083000400,Idaho,ID,16,Twin Falls,County,83,16083,400,083000400,4291,1327.70219,69.04937449,Relatively Low
24873,T16083000500,Idaho,ID,16,Twin Falls,County,83,16083,500,083000500,6583,6845.465938,82.04109785,Relatively Low
24874,T16083000600,Idaho,ID,16,Twin Falls,County,83,16083,600,083000600,3274,7876.551181,82.72962945,Relatively Low
24875,T16083000701,Idaho,ID,16,Twin Falls,County,83,16083,701,083000701,11065,87538.62894,93.34419445,Relatively Moderate
24876,T16083000702,Idaho,ID,16,Twin Falls,County,83,16083,702,083000702,4531,0,0,No Rating
24877,T16083000800,Idaho,ID,16,Twin Falls,County,83,16083,800,083000800,6404,0,0,No Rating
24878,T16083000900,Idaho,ID,16,Twin Falls,County,83,16083,900,083000900,5069,412006.2563,97.76078581,Relatively High
24879,T16083001001,Idaho,ID,16,Twin Falls,County,83,16083,1001,083001001,4763,0,0,No Rating
24880,T16083001002,Idaho,ID,16,Twin Falls,County,83,16083,1002,083001002,4378,0,0,No Rating
24881,T16083001100,Idaho,ID,16,Twin Falls,County,83,16083,1100,083001100,3381,0,0,No Rating
24882,T16083001201,Idaho,ID,16,Twin Falls,County,83,16083,1201,083001201,4145,0,0,No Rating
24883,T16083001202,Idaho,ID,16,Twin Falls,County,83,16083,1202,083001202,4845,0,0,No Rating
24884,T16083001301,Idaho,ID,16,Twin Falls,County,83,16083,1301,083001301,7292,250447.1439,96.61204395,Relatively High
24885,T16083001302,Idaho,ID,16,Twin Falls,County,83,16083,1302,083001302,2384,11493.78891,84.52884936,Relatively Low
24886,T16083001600,Idaho,ID,16,Twin Falls,County,83,16083,1600,083001600,4142,1352891.213,99.36617038,Very High
24887,T16085970100,Idaho,ID,16,Valley,County,85,16085,970100,085970100,2858,2723849.439,99.74076012,Very High
24888,T16085970200,Idaho,ID,16,Valley,County,85,16085,970200,085970200,3159,1120946.211,99.20563193,Very High
24889,T16085970301,Idaho,ID,16,Valley,County,85,16085,970301,085970301,2013,1437480.875,99.41730486,Very High
24890,T16085970302,Idaho,ID,16,Valley,County,85,16085,970302,085970302,3587,2108276.768,99.61114018,Very High
24891,T16087970100,Idaho,ID,16,Washington,County,87,16087,970100,087970100,1710,2155300.814,99.62659944,Very High
24892,T16087970200,Idaho,ID,16,Washington,County,87,16087,970200,087970200,3836,526217.4453,98.23407696,Relatively High
24893,T16087970300,Idaho,ID,16,Washington,County,87,16087,970300,087970300,4932,747550.1611,98.77990772,Relatively High